Attrition,Avg_Income
Yes,6233.333333333333
No,6166.666666666667
